{
  "name": "MenuQR Production",
  "values": [
    {
      "key": "base_url",
      "value": "https://menuqr-backend.vercel.app/api/v1",
      "type": "default",
      "enabled": true
    },
    {
      "key": "auth_token",
      "value": "",
      "type": "default",
      "enabled": true
    },
    {
      "key": "user_id",
      "value": "",
      "type": "default",
      "enabled": true
    },
    {
      "key": "business_id",
      "value": "",
      "type": "default",
      "enabled": true
    },
    {
      "key": "menu_id",
      "value": "",
      "type": "default",
      "enabled": true
    },
    {
      "key": "category_id",
      "value": "",
      "type": "default",
      "enabled": true
    },
    {
      "key": "item_id",
      "value": "",
      "type": "default",
      "enabled": true
    },
    {
      "key": "qr_code_id",
      "value": "",
      "type": "default",
      "enabled": true
    }
  ]
}
